company,product,region,price,pq,models,ads,support,warranty,share
A,camera,NA,302,4.3,5,7100,3,90,13.4
A,camera,EA,299,4.3,5,9000,3,90,11.8
A,camera,AP,285,4.5,6,9500,3,90,13.5
A,camera,LA,279,4.4,5,6900,4,90,12.8
A,drone,NA,1316,4.5,4,2700,5,90,13.0
A,drone,EA,1336,4.5,5,2500,5,90,13.4
A,drone,AP,1224,4.4,4,2900,3,180,12.8
A,drone,LA,1210,4.5,5,2200,5,120,13.7
B,camera,NA,241,3.4,5,9200,3,90,11.4
B,camera,EA,236,3.4,5,10000,3,90,13.8
B,camera,AP,228,3.5,4,7400,5,120,12.3
B,camera,LA,218,3.4,6,7100,3,90,14.6
B,drone,NA,1064,3.5,6,3000,4,120,13.8
B,drone,EA,1032,3.6,4,2800,3,90,12.1
B,drone,AP,998,3.5,4,2200,5,180,12.2
B,drone,LA,973,3.6,4,2700,3,120,14.5
C,camera,NA,270,4.0,5,8800,5,120,14.5
C,camera,EA,269,4.1,4,11000,4,90,14.4
C,camera,AP,248,4.1,4,9500,4,90,15.0
C,camera,LA,242,4.0,5,7600,3,90,17.5
C,drone,NA,1326,4.6,5,1900,4,90,12.2
C,drone,EA,1323,4.7,5,3000,5,90,12.9
C,drone,AP,1281,4.6,5,2300,5,180,14.4
C,drone,LA,1225,4.5,5,2500,3,90,13.6
D,camera,NA,314,4.1,4,10900,3,90,9.8
D,camera,EA,306,4.2,6,7600,4,180,10.5
D,camera,AP,290,4.1,6,8500,5,90,10.6
D,camera,LA,289,4.3,6,10200,3,90,9.8
D,drone,NA,1356,4.3,5,2100,3,90,9.8
D,drone,EA,1356,4.4,4,2600,5,90,10.5
D,drone,AP,1317,4.4,5,2300,4,90,11.8
D,drone,LA,1285,4.4,4,3100,4,180,10.1
E,camera,NA,248,3.6,6,7100,4,90,13.6
E,camera,EA,253,3.5,5,6600,5,180,12.0
E,camera,AP,236,3.6,4,10900,3,90,11.0
E,camera,LA,232,3.5,5,9400,3,90,11.2
E,drone,NA,1100,3.6,5,2000,5,120,12.5
E,drone,EA,1081,3.6,5,2300,3,90,12.3
E,drone,AP,1037,3.7,4,2500,5,120,13.9
E,drone,LA,1002,3.6,5,2200,3,180,11.0
F,camera,NA,282,4.0,4,9900,5,120,13.3
F,camera,EA,280,3.8,5,6900,3,90,13.3
F,camera,AP,260,3.9,5,10000,4,180,13.1
F,camera,LA,254,4.0,6,10800,3,90,11.0
F,drone,NA,1218,3.9,5,2700,5,180,14.3
F,drone,EA,1217,3.9,5,2500,4,90,13.3
F,drone,AP,1151,3.9,4,3000,3,90,11.7
F,drone,LA,1138,4.0,6,3100,5,90,13.0
G,camera,NA,334,4.6,5,11100,3,90,12.2
G,camera,EA,328,4.7,5,7700,5,90,14.3
G,camera,AP,308,4.6,5,10700,4,120,13.0
G,camera,LA,300,4.8,4,9900,4,120,12.4
G,drone,NA,1434,4.7,5,2600,4,120,14.3
G,drone,EA,1457,4.7,5,2500,4,90,14.3
G,drone,AP,1341,4.8,5,2300,5,90,13.9
G,drone,LA,1328,4.9,6,1700,5,90,12.5
H,camera,NA,282,3.7,5,9700,5,90,11.9
H,camera,EA,283,3.8,6,8100,5,120,9.9
H,camera,AP,268,3.8,6,10000,3,120,11.4
H,camera,LA,261,3.9,5,8600,5,120,10.6
H,drone,NA,1248,3.9,6,2800,5,90,10.1
H,drone,EA,1246,3.9,5,1800,3,120,10.9
H,drone,AP,1164,3.9,5,3100,5,90,9.2
H,drone,LA,1151,4.0,6,2400,3,90,11.6
